,template,mean,source_data,bw,sf,paylen,impl_head,has_crc,cr,frames,frame_period,num_right,num_total,num_dec,num_per,time,load,data_rate
0,lora_sim_chain,200,PKdhtXMmr18n2L9K88eMlGn7CcctT9RwKSB1FebW397VI5uG1yhc3uavuaOb9vyJ,250000,7,64,True,False,4,100,200,0,100,0,0.0,21.508991479873657,3.68,297.54998071334927
1,lora_sim_chain,200,PKdhtXMmr18n2L9K88eMlGn7CcctT9RwKSB1FebW397VI5uG1yhc3uavuaOb9vyJ,250000,8,64,True,False,4,100,200,53,100,53,53.0,21.702636241912842,2.98,294.89505001425175
2,lora_sim_chain,200,PKdhtXMmr18n2L9K88eMlGn7CcctT9RwKSB1FebW397VI5uG1yhc3uavuaOb9vyJ,250000,9,64,True,False,4,100,200,56,100,56,56.00000000000001,26.617176294326782,2.45,240.44624152578137
3,lora_sim_chain,200,PKdhtXMmr18n2L9K88eMlGn7CcctT9RwKSB1FebW397VI5uG1yhc3uavuaOb9vyJ,250000,10,64,True,False,4,100,200,56,100,56,56.00000000000001,46.86087083816528,1.76,136.57449990851632
4,lora_sim_chain,200,PKdhtXMmr18n2L9K88eMlGn7CcctT9RwKSB1FebW397VI5uG1yhc3uavuaOb9vyJ,250000,11,64,True,False,4,100,200,52,100,53,52.0,265.5194103717804,0.46,24.103699202399994
5,lora_sim_chain,200,PKdhtXMmr18n2L9K88eMlGn7CcctT9RwKSB1FebW397VI5uG1yhc3uavuaOb9vyJ,250000,12,64,True,False,4,100,200,50,100,53,50.0,388.0045416355133,0.5,16.494652286859264
