,template,mean,source_data,bw,paylen,impl_head,has_crc,cr,frames,frame_period,delay_sf1,delay_sf2,delay_sf3,delay_sf4,delay_sf5,delay_sf6,num_right,num_total,num_dec,num_per,time,load,data_rate
0,lora_sim_multi1,200,PKdhtXMmr18n2L9K88eMlGn7CcctT9RwKSB1FebW397VI5uG1yhc3uavuaOb9vyJ,250000,64,True,False,4,15,200,0,0,0,0,0,0,8,15,11,53.333333333333336,7.130265235900879,4.23,134.63734773377024
1,lora_sim_multi2,200,PKdhtXMmr18n2L9K88eMlGn7CcctT9RwKSB1FebW397VI5uG1yhc3uavuaOb9vyJ,250000,64,True,False,4,15,200,0,0,0,0,0,0,14,30,19,46.666666666666664,4.85190224647522,4.13,395.7210806122135
2,lora_sim_multi3,200,PKdhtXMmr18n2L9K88eMlGn7CcctT9RwKSB1FebW397VI5uG1yhc3uavuaOb9vyJ,250000,64,True,False,4,15,200,0,0,0,0,0,0,27,45,33,60.0,5.262570142745972,3.88,547.2611142237881
3,lora_sim_multi4,200,PKdhtXMmr18n2L9K88eMlGn7CcctT9RwKSB1FebW397VI5uG1yhc3uavuaOb9vyJ,250000,64,True,False,4,15,200,0,0,0,0,0,0,35,60,42,58.333333333333336,13.18958044052124,11.53,291.13890447968237
4,lora_sim_multi5,200,PKdhtXMmr18n2L9K88eMlGn7CcctT9RwKSB1FebW397VI5uG1yhc3uavuaOb9vyJ,250000,64,True,False,4,15,200,0,0,0,0,0,0,41,75,49,54.666666666666664,19.73100757598877,16.32,243.27191510692327
5,lora_sim_multi6,200,PKdhtXMmr18n2L9K88eMlGn7CcctT9RwKSB1FebW397VI5uG1yhc3uavuaOb9vyJ,250000,64,True,False,4,15,200,0,0,0,0,0,0,33,90,43,36.666666666666664,31.89468479156494,20.32,180.5943541264695
